INDEX,WORD
1,cigar
2,rebut
3,sissy
4,humph
5,awake
6,blush
7,focal
8,evade
9,naval
10,serve
11,heath
12,dwarf
13,model
14,karma
15,stink
16,grade
17,quiet
18,bench
19,abate
20,feign
21,major
22,death
23,fresh
24,crust
25,stool
26,colon
27,abase
28,marry
29,react
30,batty
31,pride
32,floss
33,helix
34,croak
35,staff
36,paper
37,unfed
38,whelp
39,trawl
40,outdo
41,adobe
42,crazy
43,sower
44,repay
45,digit
46,crate
47,cluck
48,spike
49,mimic
50,pound
51,maxim
52,linen
53,unmet
54,flesh
55,booby
56,forth
57,first
58,stand
59,belly
60,ivory
61,seedy
62,print
63,yearn
64,drain
65,bribe
66,stout
67,panel
68,crass
69,flume
70,offal
71,agree
72,error
73,swirl
74,argue
75,bleed
76,delta
77,flick
78,totem
79,wooer
80,front
81,shrub
82,parry
83,biome
84,lapel
85,start
86,greet
87,goner
88,golem
89,lusty
90,loopy
91,round
92,audit
93,lying
94,gamma
95,labor
96,islet
97,civic
98,forge
99,corny
100,moult
101,basic
102,salad
103,agate
104,spicy
105,spray
106,essay
107,fjord
108,spend
109,kebab
110,guild
111,aback
112,motor
113,alone
114,hatch
115,hyper
116,thumb
117,dowry
118,ought
119,belch
120,dutch
121,pilot
122,tweed
123,comet
124,jaunt
125,enema
126,steed
127,abyss
128,growl
129,fling
130,dozen
131,boozy
132,erode
133,world
134,gouge
135,click
136,briar
137,great
138,altar
139,pulpy
140,blurt
141,coast
142,duchy
143,groin
144,fixer
145,group
146,rogue
147,badly
148,smart
149,pithy
150,gaudy
151,chill
152,heron
153,vodka
154,finer
155,surer
156,radio
157,rouge
158,perch
159,retch
160,wrote
161,clock
162,tilde
163,store
164,prove
165,bring
166,solve
167,cheat
168,grime
169,exult
170,usher
171,epoch
172,triad
173,break
174,rhino
175,viral
176,conic
177,masse
178,sonic
179,vital
180,trace
181,using
182,peach
183,champ
184,baton
185,brake
186,pluck
187,craze
188,gripe
189,weary
190,picky
191,acute
192,ferry
193,aside
194,tapir
195,troll
196,unify
197,rebus
198,boost
199,truss
200,siege
201,tiger
202,banal
203,slump
204,crank
205,gorge
206,query
207,drink
208,favor
209,abbey
210,tangy
211,panic
212,solar
213,shire
214,proxy
215,point
216,robot
217,prick
218,wince
219,crimp
220,knoll
221,sugar
222,whack
223,mount
224,perky
225,could
226,wrung
227,light
228,those
229,moist
230,shard
231,pleat
232,aloft
233,skill
234,elder
235,frame
236,humor
237,pause
238,ulcer
239,ultra
240,robin
241,cynic
242,aroma
243,caulk
244,shake
245,dodge
246,swill
247,tacit
248,other
249,thorn
250,trove
251,bloke
252,vivid
253,spill
254,chant
255,choke
256,rupee
257,nasty
258,mourn
259,ahead
260,brine
261,cloth
262,hoard
263,sweet
264,month
265,lapse
266,watch
267,today
268,focus
269,smelt
270,tease
271,cater
272,movie
273,saute
274,allow
275,renew
276,their
277,slosh
278,purge
279,chest
280,depot
281,epoxy
282,nymph
283,found
284,shall
